,Year,Biosecurity_Effectiveness (%),Culling_Effectiveness (%),Surveillance_Effectiveness (%),Transmission_Rate
Year,1.0,0.9792567139053405,0.9882820059332347,0.9882820059332347,-0.9999999999999999
Biosecurity_Effectiveness (%),0.9792567139053405,1.0,0.9985248792936824,0.9985248792936824,-0.9792567139053404
Culling_Effectiveness (%),0.9882820059332347,0.9985248792936824,1.0,1.0,-0.9882820059332345
Surveillance_Effectiveness (%),0.9882820059332347,0.9985248792936824,1.0,1.0,-0.9882820059332345
Transmission_Rate,-0.9999999999999999,-0.9792567139053404,-0.9882820059332345,-0.9882820059332345,1.0
