,Year,Biosecurity_Effectiveness (%),Culling_Effectiveness (%),Surveillance_Effectiveness (%),Transmission_Rate
count,9.0,9.0,9.0,9.0,9.0
mean,2019.0,77.77777777777777,68.33333333333333,73.33333333333333,0.7
std,2.7386127875258306,10.86022303842994,11.5,11.5,0.13693063937629152
min,2015.0,60.0,50.0,55.0,0.5
25%,2017.0,70.0,60.0,65.0,0.6
50%,2019.0,80.0,70.0,75.0,0.7
75%,2021.0,87.0,78.0,83.0,0.8
max,2023.0,90.0,82.0,87.0,0.9
